Contract,Average_Monthly_Charges
Month-to-Month,71.7842296072507
One_Year,85.05090361445785
Two_Year,86.77708333333332
