Age_Group,Average_Monthly_Charge
0-20,70.31875000000001
21-30,71.62670068027218
31-40,71.00165016501649
41-50,70.5668284789644
51-60,72.153074433657
61-70,76.8816293929712
71-80,78.41365187713305
