Gender,Married,Average_Charges
Male,No,1542.0475828354151
Female,Yes,2977.250770142175
Female,No,1627.5460555555571
Male,Yes,3072.714959159864
