Number_of_Dependents,Average_Monthly_Charge,Total_Charges
0,74.21687464549058,2780711.599999995
1,64.09605263157896,44301.950000000004
2,60.97575757575759,20114.4
3,51.69833333333334,16312.2
6,34.5,279.25
7,19.25,19.25
5,47.375,532.75
4,95,655.5
